{
  "routes": [
    {
      "route": "/api/*",
      "allowedRoles": ["anonymous"]
    },
    {
      "route": "/*",
      "serve": "/index.html",
      "statusCode": 200
    }
  ],
  "navigationFallback": {
    "rewrite": "/index.html",
    "exclude": ["/images/*.{png,jpg,gif}", "/css/*", "/js/*", "/api/*"]
  },
  "responseOverrides": {
    "404": {
      "rewrite": "/index.html",
      "statusCode": 200
    }
  },
  "globalHeaders": {
    "content-security-policy": "default-src https: 'unsafe-eval' 'unsafe-inline'; object-src 'none'",
    "cache-control": "no-cache"
  },
  "mimeTypes": {
    ".json": "application/json"
  }
}